--
-- PostgreSQL database dump
--

-- Dumped from database version 10.10 (Ubuntu 10.10-0ubuntu0.18.04.1)
-- Dumped by pg_dump version 10.10 (Ubuntu 10.10-0ubuntu0.18.04.1)

SET statement_timeout = 0;
SET lock_timeout = 0;
SET idle_in_transaction_session_timeout = 0;
SET client_encoding = 'UTF8';
SET standard_conforming_strings = on;
SELECT pg_catalog.set_config('search_path', '', false);
SET check_function_bodies = false;
SET xmloption = content;
SET client_min_messages = warning;
SET row_security = off;

--
-- Name: plpgsql; Type: EXTENSION; Schema: -; Owner: 
--

CREATE EXTENSION IF NOT EXISTS plpgsql WITH SCHEMA pg_catalog;


--
-- Name: EXTENSION plpgsql; Type: COMMENT; Schema: -; Owner: 
--

COMMENT ON EXTENSION plpgsql IS 'PL/pgSQL procedural language';


SET default_tablespace = '';

SET default_with_oids = false;

--
-- Name: auth_group; Type: TABLE; Schema: public; Owner: erick
--

CREATE TABLE public.auth_group (
    id integer NOT NULL,
    name character varying(150) NOT NULL
);


ALTER TABLE public.auth_group OWNER TO erick;

--
-- Name: auth_group_id_seq; Type: SEQUENCE; Schema: public; Owner: erick
--

CREATE SEQUENCE public.auth_group_id_seq
    AS integer
    START WITH 1
    INCREMENT BY 1
    NO MINVALUE
    NO MAXVALUE
    CACHE 1;


ALTER TABLE public.auth_group_id_seq OWNER TO erick;

--
-- Name: auth_group_id_seq; Type: SEQUENCE OWNED BY; Schema: public; Owner: erick
--

ALTER SEQUENCE public.auth_group_id_seq OWNED BY public.auth_group.id;


--
-- Name: auth_group_permissions; Type: TABLE; Schema: public; Owner: erick
--

CREATE TABLE public.auth_group_permissions (
    id integer NOT NULL,
    group_id integer NOT NULL,
    permission_id integer NOT NULL
);


ALTER TABLE public.auth_group_permissions OWNER TO erick;

--
-- Name: auth_group_permissions_id_seq; Type: SEQUENCE; Schema: public; Owner: erick
--

CREATE SEQUENCE public.auth_group_permissions_id_seq
    AS integer
    START WITH 1
    INCREMENT BY 1
    NO MINVALUE
    NO MAXVALUE
    CACHE 1;


ALTER TABLE public.auth_group_permissions_id_seq OWNER TO erick;

--
-- Name: auth_group_permissions_id_seq; Type: SEQUENCE OWNED BY; Schema: public; Owner: erick
--

ALTER SEQUENCE public.auth_group_permissions_id_seq OWNED BY public.auth_group_permissions.id;


--
-- Name: auth_permission; Type: TABLE; Schema: public; Owner: erick
--

CREATE TABLE public.auth_permission (
    id integer NOT NULL,
    name character varying(255) NOT NULL,
    content_type_id integer NOT NULL,
    codename character varying(100) NOT NULL
);


ALTER TABLE public.auth_permission OWNER TO erick;

--
-- Name: auth_permission_id_seq; Type: SEQUENCE; Schema: public; Owner: erick
--

CREATE SEQUENCE public.auth_permission_id_seq
    AS integer
    START WITH 1
    INCREMENT BY 1
    NO MINVALUE
    NO MAXVALUE
    CACHE 1;


ALTER TABLE public.auth_permission_id_seq OWNER TO erick;

--
-- Name: auth_permission_id_seq; Type: SEQUENCE OWNED BY; Schema: public; Owner: erick
--

ALTER SEQUENCE public.auth_permission_id_seq OWNED BY public.auth_permission.id;


--
-- Name: biblioteca_biblioteca; Type: TABLE; Schema: public; Owner: erick
--

CREATE TABLE public.biblioteca_biblioteca (
    id integer NOT NULL,
    nombre character varying(225) NOT NULL,
    descripcion text NOT NULL,
    foto character varying(100) NOT NULL,
    archivo character varying(100) NOT NULL,
    categoria_id integer NOT NULL
);


ALTER TABLE public.biblioteca_biblioteca OWNER TO erick;

--
-- Name: biblioteca_biblioteca_id_seq; Type: SEQUENCE; Schema: public; Owner: erick
--

CREATE SEQUENCE public.biblioteca_biblioteca_id_seq
    AS integer
    START WITH 1
    INCREMENT BY 1
    NO MINVALUE
    NO MAXVALUE
    CACHE 1;


ALTER TABLE public.biblioteca_biblioteca_id_seq OWNER TO erick;

--
-- Name: biblioteca_biblioteca_id_seq; Type: SEQUENCE OWNED BY; Schema: public; Owner: erick
--

ALTER SEQUENCE public.biblioteca_biblioteca_id_seq OWNED BY public.biblioteca_biblioteca.id;


--
-- Name: django_admin_log; Type: TABLE; Schema: public; Owner: erick
--

CREATE TABLE public.django_admin_log (
    id integer NOT NULL,
    action_time timestamp with time zone NOT NULL,
    object_id text,
    object_repr character varying(200) NOT NULL,
    action_flag smallint NOT NULL,
    change_message text NOT NULL,
    content_type_id integer,
    user_id integer NOT NULL,
    CONSTRAINT django_admin_log_action_flag_check CHECK ((action_flag >= 0))
);


ALTER TABLE public.django_admin_log OWNER TO erick;

--
-- Name: django_admin_log_id_seq; Type: SEQUENCE; Schema: public; Owner: erick
--

CREATE SEQUENCE public.django_admin_log_id_seq
    AS integer
    START WITH 1
    INCREMENT BY 1
    NO MINVALUE
    NO MAXVALUE
    CACHE 1;


ALTER TABLE public.django_admin_log_id_seq OWNER TO erick;

--
-- Name: django_admin_log_id_seq; Type: SEQUENCE OWNED BY; Schema: public; Owner: erick
--

ALTER SEQUENCE public.django_admin_log_id_seq OWNED BY public.django_admin_log.id;


--
-- Name: django_content_type; Type: TABLE; Schema: public; Owner: erick
--

CREATE TABLE public.django_content_type (
    id integer NOT NULL,
    app_label character varying(100) NOT NULL,
    model character varying(100) NOT NULL
);


ALTER TABLE public.django_content_type OWNER TO erick;

--
-- Name: django_content_type_id_seq; Type: SEQUENCE; Schema: public; Owner: erick
--

CREATE SEQUENCE public.django_content_type_id_seq
    AS integer
    START WITH 1
    INCREMENT BY 1
    NO MINVALUE
    NO MAXVALUE
    CACHE 1;


ALTER TABLE public.django_content_type_id_seq OWNER TO erick;

--
-- Name: django_content_type_id_seq; Type: SEQUENCE OWNED BY; Schema: public; Owner: erick
--

ALTER SEQUENCE public.django_content_type_id_seq OWNED BY public.django_content_type.id;


--
-- Name: django_flatpage; Type: TABLE; Schema: public; Owner: erick
--

CREATE TABLE public.django_flatpage (
    id integer NOT NULL,
    url character varying(100) NOT NULL,
    title character varying(200) NOT NULL,
    content text NOT NULL,
    enable_comments boolean NOT NULL,
    template_name character varying(70) NOT NULL,
    registration_required boolean NOT NULL
);


ALTER TABLE public.django_flatpage OWNER TO erick;

--
-- Name: django_flatpage_id_seq; Type: SEQUENCE; Schema: public; Owner: erick
--

CREATE SEQUENCE public.django_flatpage_id_seq
    AS integer
    START WITH 1
    INCREMENT BY 1
    NO MINVALUE
    NO MAXVALUE
    CACHE 1;


ALTER TABLE public.django_flatpage_id_seq OWNER TO erick;

--
-- Name: django_flatpage_id_seq; Type: SEQUENCE OWNED BY; Schema: public; Owner: erick
--

ALTER SEQUENCE public.django_flatpage_id_seq OWNED BY public.django_flatpage.id;


--
-- Name: django_flatpage_sites; Type: TABLE; Schema: public; Owner: erick
--

CREATE TABLE public.django_flatpage_sites (
    id integer NOT NULL,
    flatpage_id integer NOT NULL,
    site_id integer NOT NULL
);


ALTER TABLE public.django_flatpage_sites OWNER TO erick;

--
-- Name: django_flatpage_sites_id_seq; Type: SEQUENCE; Schema: public; Owner: erick
--

CREATE SEQUENCE public.django_flatpage_sites_id_seq
    AS integer
    START WITH 1
    INCREMENT BY 1
    NO MINVALUE
    NO MAXVALUE
    CACHE 1;


ALTER TABLE public.django_flatpage_sites_id_seq OWNER TO erick;

--
-- Name: django_flatpage_sites_id_seq; Type: SEQUENCE OWNED BY; Schema: public; Owner: erick
--

ALTER SEQUENCE public.django_flatpage_sites_id_seq OWNED BY public.django_flatpage_sites.id;


--
-- Name: django_migrations; Type: TABLE; Schema: public; Owner: erick
--

CREATE TABLE public.django_migrations (
    id integer NOT NULL,
    app character varying(255) NOT NULL,
    name character varying(255) NOT NULL,
    applied timestamp with time zone NOT NULL
);


ALTER TABLE public.django_migrations OWNER TO erick;

--
-- Name: django_migrations_id_seq; Type: SEQUENCE; Schema: public; Owner: erick
--

CREATE SEQUENCE public.django_migrations_id_seq
    AS integer
    START WITH 1
    INCREMENT BY 1
    NO MINVALUE
    NO MAXVALUE
    CACHE 1;


ALTER TABLE public.django_migrations_id_seq OWNER TO erick;

--
-- Name: django_migrations_id_seq; Type: SEQUENCE OWNED BY; Schema: public; Owner: erick
--

ALTER SEQUENCE public.django_migrations_id_seq OWNED BY public.django_migrations.id;


--
-- Name: django_session; Type: TABLE; Schema: public; Owner: erick
--

CREATE TABLE public.django_session (
    session_key character varying(40) NOT NULL,
    session_data text NOT NULL,
    expire_date timestamp with time zone NOT NULL
);


ALTER TABLE public.django_session OWNER TO erick;

--
-- Name: django_site; Type: TABLE; Schema: public; Owner: erick
--

CREATE TABLE public.django_site (
    id integer NOT NULL,
    domain character varying(100) NOT NULL,
    name character varying(50) NOT NULL
);


ALTER TABLE public.django_site OWNER TO erick;

--
-- Name: django_site_id_seq; Type: SEQUENCE; Schema: public; Owner: erick
--

CREATE SEQUENCE public.django_site_id_seq
    AS integer
    START WITH 1
    INCREMENT BY 1
    NO MINVALUE
    NO MAXVALUE
    CACHE 1;


ALTER TABLE public.django_site_id_seq OWNER TO erick;

--
-- Name: django_site_id_seq; Type: SEQUENCE OWNED BY; Schema: public; Owner: erick
--

ALTER SEQUENCE public.django_site_id_seq OWNED BY public.django_site.id;


--
-- Name: lugar_pais; Type: TABLE; Schema: public; Owner: erick
--

CREATE TABLE public.lugar_pais (
    id integer NOT NULL,
    nombre character varying(225) NOT NULL
);


ALTER TABLE public.lugar_pais OWNER TO erick;

--
-- Name: lugar_pais_id_seq; Type: SEQUENCE; Schema: public; Owner: erick
--

CREATE SEQUENCE public.lugar_pais_id_seq
    AS integer
    START WITH 1
    INCREMENT BY 1
    NO MINVALUE
    NO MAXVALUE
    CACHE 1;


ALTER TABLE public.lugar_pais_id_seq OWNER TO erick;

--
-- Name: lugar_pais_id_seq; Type: SEQUENCE OWNED BY; Schema: public; Owner: erick
--

ALTER SEQUENCE public.lugar_pais_id_seq OWNED BY public.lugar_pais.id;


--
-- Name: noticias_categoria; Type: TABLE; Schema: public; Owner: erick
--

CREATE TABLE public.noticias_categoria (
    id integer NOT NULL,
    nombre character varying(225) NOT NULL,
    slug character varying(250) NOT NULL
);


ALTER TABLE public.noticias_categoria OWNER TO erick;

--
-- Name: noticias_categoria_id_seq; Type: SEQUENCE; Schema: public; Owner: erick
--

CREATE SEQUENCE public.noticias_categoria_id_seq
    AS integer
    START WITH 1
    INCREMENT BY 1
    NO MINVALUE
    NO MAXVALUE
    CACHE 1;


ALTER TABLE public.noticias_categoria_id_seq OWNER TO erick;

--
-- Name: noticias_categoria_id_seq; Type: SEQUENCE OWNED BY; Schema: public; Owner: erick
--

ALTER SEQUENCE public.noticias_categoria_id_seq OWNED BY public.noticias_categoria.id;


--
-- Name: noticias_comunicacion; Type: TABLE; Schema: public; Owner: erick
--

CREATE TABLE public.noticias_comunicacion (
    id integer NOT NULL,
    tipo integer NOT NULL,
    ultimo_momento boolean NOT NULL,
    portada boolean NOT NULL,
    titulo character varying(225) NOT NULL,
    fecha date NOT NULL,
    banner character varying(100),
    foto character varying(100) NOT NULL,
    descripcion text NOT NULL,
    fuente character varying(225) NOT NULL,
    slug character varying(250) NOT NULL,
    autor_id integer NOT NULL,
    categoria_id integer NOT NULL,
    pais_id integer NOT NULL
);


ALTER TABLE public.noticias_comunicacion OWNER TO erick;

--
-- Name: noticias_comunicacion_id_seq; Type: SEQUENCE; Schema: public; Owner: erick
--

CREATE SEQUENCE public.noticias_comunicacion_id_seq
    AS integer
    START WITH 1
    INCREMENT BY 1
    NO MINVALUE
    NO MAXVALUE
    CACHE 1;


ALTER TABLE public.noticias_comunicacion_id_seq OWNER TO erick;

--
-- Name: noticias_comunicacion_id_seq; Type: SEQUENCE OWNED BY; Schema: public; Owner: erick
--

ALTER SEQUENCE public.noticias_comunicacion_id_seq OWNED BY public.noticias_comunicacion.id;


--
-- Name: organizacion_organizacion; Type: TABLE; Schema: public; Owner: erick
--

CREATE TABLE public.organizacion_organizacion (
    id integer NOT NULL,
    nombre character varying(200) NOT NULL,
    siglas character varying(200) NOT NULL,
    logo character varying(100),
    slug character varying(200) NOT NULL,
    correo character varying(254),
    pais_id integer NOT NULL
);


ALTER TABLE public.organizacion_organizacion OWNER TO erick;

--
-- Name: organizacion_organizacion_id_seq; Type: SEQUENCE; Schema: public; Owner: erick
--

CREATE SEQUENCE public.organizacion_organizacion_id_seq
    AS integer
    START WITH 1
    INCREMENT BY 1
    NO MINVALUE
    NO MAXVALUE
    CACHE 1;


ALTER TABLE public.organizacion_organizacion_id_seq OWNER TO erick;

--
-- Name: organizacion_organizacion_id_seq; Type: SEQUENCE OWNED BY; Schema: public; Owner: erick
--

ALTER SEQUENCE public.organizacion_organizacion_id_seq OWNED BY public.organizacion_organizacion.id;


--
-- Name: programacion_horaprogramacion; Type: TABLE; Schema: public; Owner: erick
--

CREATE TABLE public.programacion_horaprogramacion (
    id integer NOT NULL,
    titulo character varying(225) NOT NULL,
    descripcion character varying(200),
    hora_inicio time without time zone NOT NULL,
    hora_fin time without time zone NOT NULL,
    categoria_p_id integer,
    programacion_id integer NOT NULL
);


ALTER TABLE public.programacion_horaprogramacion OWNER TO erick;

--
-- Name: programacion_horaprogramacion_id_seq; Type: SEQUENCE; Schema: public; Owner: erick
--

CREATE SEQUENCE public.programacion_horaprogramacion_id_seq
    AS integer
    START WITH 1
    INCREMENT BY 1
    NO MINVALUE
    NO MAXVALUE
    CACHE 1;


ALTER TABLE public.programacion_horaprogramacion_id_seq OWNER TO erick;

--
-- Name: programacion_horaprogramacion_id_seq; Type: SEQUENCE OWNED BY; Schema: public; Owner: erick
--

ALTER SEQUENCE public.programacion_horaprogramacion_id_seq OWNED BY public.programacion_horaprogramacion.id;


--
-- Name: programacion_programacion; Type: TABLE; Schema: public; Owner: erick
--

CREATE TABLE public.programacion_programacion (
    id integer NOT NULL,
    titulo character varying(225) NOT NULL,
    link character varying(200),
    fecha date NOT NULL
);


ALTER TABLE public.programacion_programacion OWNER TO erick;

--
-- Name: programacion_programacion_id_seq; Type: SEQUENCE; Schema: public; Owner: erick
--

CREATE SEQUENCE public.programacion_programacion_id_seq
    AS integer
    START WITH 1
    INCREMENT BY 1
    NO MINVALUE
    NO MAXVALUE
    CACHE 1;


ALTER TABLE public.programacion_programacion_id_seq OWNER TO erick;

--
-- Name: programacion_programacion_id_seq; Type: SEQUENCE OWNED BY; Schema: public; Owner: erick
--

ALTER SEQUENCE public.programacion_programacion_id_seq OWNED BY public.programacion_programacion.id;


--
-- Name: taggit_tag; Type: TABLE; Schema: public; Owner: erick
--

CREATE TABLE public.taggit_tag (
    id integer NOT NULL,
    name character varying(100) NOT NULL,
    slug character varying(100) NOT NULL
);


ALTER TABLE public.taggit_tag OWNER TO erick;

--
-- Name: taggit_tag_id_seq; Type: SEQUENCE; Schema: public; Owner: erick
--

CREATE SEQUENCE public.taggit_tag_id_seq
    AS integer
    START WITH 1
    INCREMENT BY 1
    NO MINVALUE
    NO MAXVALUE
    CACHE 1;


ALTER TABLE public.taggit_tag_id_seq OWNER TO erick;

--
-- Name: taggit_tag_id_seq; Type: SEQUENCE OWNED BY; Schema: public; Owner: erick
--

ALTER SEQUENCE public.taggit_tag_id_seq OWNED BY public.taggit_tag.id;


--
-- Name: taggit_taggeditem; Type: TABLE; Schema: public; Owner: erick
--

CREATE TABLE public.taggit_taggeditem (
    id integer NOT NULL,
    object_id integer NOT NULL,
    content_type_id integer NOT NULL,
    tag_id integer NOT NULL
);


ALTER TABLE public.taggit_taggeditem OWNER TO erick;

--
-- Name: taggit_taggeditem_id_seq; Type: SEQUENCE; Schema: public; Owner: erick
--

CREATE SEQUENCE public.taggit_taggeditem_id_seq
    AS integer
    START WITH 1
    INCREMENT BY 1
    NO MINVALUE
    NO MAXVALUE
    CACHE 1;


ALTER TABLE public.taggit_taggeditem_id_seq OWNER TO erick;

--
-- Name: taggit_taggeditem_id_seq; Type: SEQUENCE OWNED BY; Schema: public; Owner: erick
--

ALTER SEQUENCE public.taggit_taggeditem_id_seq OWNED BY public.taggit_taggeditem.id;


--
-- Name: thumbnail_kvstore; Type: TABLE; Schema: public; Owner: erick
--

CREATE TABLE public.thumbnail_kvstore (
    key character varying(200) NOT NULL,
    value text NOT NULL
);


ALTER TABLE public.thumbnail_kvstore OWNER TO erick;

--
-- Name: usuario_user; Type: TABLE; Schema: public; Owner: erick
--

CREATE TABLE public.usuario_user (
    id integer NOT NULL,
    password character varying(128) NOT NULL,
    last_login timestamp with time zone,
    is_superuser boolean NOT NULL,
    username character varying(150) NOT NULL,
    first_name character varying(30) NOT NULL,
    last_name character varying(150) NOT NULL,
    email character varying(254) NOT NULL,
    is_staff boolean NOT NULL,
    is_active boolean NOT NULL,
    date_joined timestamp with time zone NOT NULL,
    avatar character varying(100),
    org_id integer
);


ALTER TABLE public.usuario_user OWNER TO erick;

--
-- Name: usuario_user_groups; Type: TABLE; Schema: public; Owner: erick
--

CREATE TABLE public.usuario_user_groups (
    id integer NOT NULL,
    user_id integer NOT NULL,
    group_id integer NOT NULL
);


ALTER TABLE public.usuario_user_groups OWNER TO erick;

--
-- Name: usuario_user_groups_id_seq; Type: SEQUENCE; Schema: public; Owner: erick
--

CREATE SEQUENCE public.usuario_user_groups_id_seq
    AS integer
    START WITH 1
    INCREMENT BY 1
    NO MINVALUE
    NO MAXVALUE
    CACHE 1;


ALTER TABLE public.usuario_user_groups_id_seq OWNER TO erick;

--
-- Name: usuario_user_groups_id_seq; Type: SEQUENCE OWNED BY; Schema: public; Owner: erick
--

ALTER SEQUENCE public.usuario_user_groups_id_seq OWNED BY public.usuario_user_groups.id;


--
-- Name: usuario_user_id_seq; Type: SEQUENCE; Schema: public; Owner: erick
--

CREATE SEQUENCE public.usuario_user_id_seq
    AS integer
    START WITH 1
    INCREMENT BY 1
    NO MINVALUE
    NO MAXVALUE
    CACHE 1;


ALTER TABLE public.usuario_user_id_seq OWNER TO erick;

--
-- Name: usuario_user_id_seq; Type: SEQUENCE OWNED BY; Schema: public; Owner: erick
--

ALTER SEQUENCE public.usuario_user_id_seq OWNED BY public.usuario_user.id;


--
-- Name: usuario_user_user_permissions; Type: TABLE; Schema: public; Owner: erick
--

CREATE TABLE public.usuario_user_user_permissions (
    id integer NOT NULL,
    user_id integer NOT NULL,
    permission_id integer NOT NULL
);


ALTER TABLE public.usuario_user_user_permissions OWNER TO erick;

--
-- Name: usuario_user_user_permissions_id_seq; Type: SEQUENCE; Schema: public; Owner: erick
--

CREATE SEQUENCE public.usuario_user_user_permissions_id_seq
    AS integer
    START WITH 1
    INCREMENT BY 1
    NO MINVALUE
    NO MAXVALUE
    CACHE 1;


ALTER TABLE public.usuario_user_user_permissions_id_seq OWNER TO erick;

--
-- Name: usuario_user_user_permissions_id_seq; Type: SEQUENCE OWNED BY; Schema: public; Owner: erick
--

ALTER SEQUENCE public.usuario_user_user_permissions_id_seq OWNED BY public.usuario_user_user_permissions.id;


--
-- Name: videoteca_director; Type: TABLE; Schema: public; Owner: erick
--

CREATE TABLE public.videoteca_director (
    id integer NOT NULL,
    nombre character varying(255) NOT NULL
);


ALTER TABLE public.videoteca_director OWNER TO erick;

--
-- Name: videoteca_director_id_seq; Type: SEQUENCE; Schema: public; Owner: erick
--

CREATE SEQUENCE public.videoteca_director_id_seq
    AS integer
    START WITH 1
    INCREMENT BY 1
    NO MINVALUE
    NO MAXVALUE
    CACHE 1;


ALTER TABLE public.videoteca_director_id_seq OWNER TO erick;

--
-- Name: videoteca_director_id_seq; Type: SEQUENCE OWNED BY; Schema: public; Owner: erick
--

ALTER SEQUENCE public.videoteca_director_id_seq OWNED BY public.videoteca_director.id;


--
-- Name: videoteca_episodio; Type: TABLE; Schema: public; Owner: erick
--

CREATE TABLE public.videoteca_episodio (
    id integer NOT NULL,
    link character varying(225) NOT NULL,
    imagen character varying(100) NOT NULL,
    titulo character varying(225) NOT NULL,
    sinopsis text NOT NULL,
    duracion character varying(20) NOT NULL,
    slug character varying(250) NOT NULL,
    temporada_id integer NOT NULL
);


ALTER TABLE public.videoteca_episodio OWNER TO erick;

--
-- Name: videoteca_episodio_id_seq; Type: SEQUENCE; Schema: public; Owner: erick
--

CREATE SEQUENCE public.videoteca_episodio_id_seq
    AS integer
    START WITH 1
    INCREMENT BY 1
    NO MINVALUE
    NO MAXVALUE
    CACHE 1;


ALTER TABLE public.videoteca_episodio_id_seq OWNER TO erick;

--
-- Name: videoteca_episodio_id_seq; Type: SEQUENCE OWNED BY; Schema: public; Owner: erick
--

ALTER SEQUENCE public.videoteca_episodio_id_seq OWNED BY public.videoteca_episodio.id;


--
-- Name: videoteca_temporada; Type: TABLE; Schema: public; Owner: erick
--

CREATE TABLE public.videoteca_temporada (
    id integer NOT NULL,
    temporada integer NOT NULL,
    info_video_id integer NOT NULL
);


ALTER TABLE public.videoteca_temporada OWNER TO erick;

--
-- Name: videoteca_temporada_id_seq; Type: SEQUENCE; Schema: public; Owner: erick
--

CREATE SEQUENCE public.videoteca_temporada_id_seq
    AS integer
    START WITH 1
    INCREMENT BY 1
    NO MINVALUE
    NO MAXVALUE
    CACHE 1;


ALTER TABLE public.videoteca_temporada_id_seq OWNER TO erick;

--
-- Name: videoteca_temporada_id_seq; Type: SEQUENCE OWNED BY; Schema: public; Owner: erick
--

ALTER SEQUENCE public.videoteca_temporada_id_seq OWNED BY public.videoteca_temporada.id;


--
-- Name: videoteca_tipo; Type: TABLE; Schema: public; Owner: erick
--

CREATE TABLE public.videoteca_tipo (
    id integer NOT NULL,
    nombre character varying(255) NOT NULL,
    slug character varying(250) NOT NULL
);


ALTER TABLE public.videoteca_tipo OWNER TO erick;

--
-- Name: videoteca_tipo_id_seq; Type: SEQUENCE; Schema: public; Owner: erick
--

CREATE SEQUENCE public.videoteca_tipo_id_seq
    AS integer
    START WITH 1
    INCREMENT BY 1
    NO MINVALUE
    NO MAXVALUE
    CACHE 1;


ALTER TABLE public.videoteca_tipo_id_seq OWNER TO erick;

--
-- Name: videoteca_tipo_id_seq; Type: SEQUENCE OWNED BY; Schema: public; Owner: erick
--

ALTER SEQUENCE public.videoteca_tipo_id_seq OWNED BY public.videoteca_tipo.id;


--
-- Name: videoteca_video; Type: TABLE; Schema: public; Owner: erick
--

CREATE TABLE public.videoteca_video (
    id integer NOT NULL,
    portada boolean NOT NULL,
    nombre character varying(225) NOT NULL,
    imagen character varying(100) NOT NULL,
    sinopsis text NOT NULL,
    fecha date NOT NULL,
    produccion character varying(255) NOT NULL,
    duracion character varying(20) NOT NULL,
    url character varying(200),
    slug character varying(250) NOT NULL,
    director_id integer NOT NULL,
    pais_id integer NOT NULL,
    tipo_id integer NOT NULL
);


ALTER TABLE public.videoteca_video OWNER TO erick;

--
-- Name: videoteca_video_categoria; Type: TABLE; Schema: public; Owner: erick
--

CREATE TABLE public.videoteca_video_categoria (
    id integer NOT NULL,
    video_id integer NOT NULL,
    categoria_id integer NOT NULL
);


ALTER TABLE public.videoteca_video_categoria OWNER TO erick;

--
-- Name: videoteca_video_categoria_id_seq; Type: SEQUENCE; Schema: public; Owner: erick
--

CREATE SEQUENCE public.videoteca_video_categoria_id_seq
    AS integer
    START WITH 1
    INCREMENT BY 1
    NO MINVALUE
    NO MAXVALUE
    CACHE 1;


ALTER TABLE public.videoteca_video_categoria_id_seq OWNER TO erick;

--
-- Name: videoteca_video_categoria_id_seq; Type: SEQUENCE OWNED BY; Schema: public; Owner: erick
--

ALTER SEQUENCE public.videoteca_video_categoria_id_seq OWNED BY public.videoteca_video_categoria.id;


--
-- Name: videoteca_video_id_seq; Type: SEQUENCE; Schema: public; Owner: erick
--

CREATE SEQUENCE public.videoteca_video_id_seq
    AS integer
    START WITH 1
    INCREMENT BY 1
    NO MINVALUE
    NO MAXVALUE
    CACHE 1;


ALTER TABLE public.videoteca_video_id_seq OWNER TO erick;

--
-- Name: videoteca_video_id_seq; Type: SEQUENCE OWNED BY; Schema: public; Owner: erick
--

ALTER SEQUENCE public.videoteca_video_id_seq OWNED BY public.videoteca_video.id;


--
-- Name: auth_group id; Type: DEFAULT; Schema: public; Owner: erick
--

ALTER TABLE ONLY public.auth_group ALTER COLUMN id SET DEFAULT nextval('public.auth_group_id_seq'::regclass);


--
-- Name: auth_group_permissions id; Type: DEFAULT; Schema: public; Owner: erick
--

ALTER TABLE ONLY public.auth_group_permissions ALTER COLUMN id SET DEFAULT nextval('public.auth_group_permissions_id_seq'::regclass);


--
-- Name: auth_permission id; Type: DEFAULT; Schema: public; Owner: erick
--

ALTER TABLE ONLY public.auth_permission ALTER COLUMN id SET DEFAULT nextval('public.auth_permission_id_seq'::regclass);


--
-- Name: biblioteca_biblioteca id; Type: DEFAULT; Schema: public; Owner: erick
--

ALTER TABLE ONLY public.biblioteca_biblioteca ALTER COLUMN id SET DEFAULT nextval('public.biblioteca_biblioteca_id_seq'::regclass);


--
-- Name: django_admin_log id; Type: DEFAULT; Schema: public; Owner: erick
--

ALTER TABLE ONLY public.django_admin_log ALTER COLUMN id SET DEFAULT nextval('public.django_admin_log_id_seq'::regclass);


--
-- Name: django_content_type id; Type: DEFAULT; Schema: public; Owner: erick
--

ALTER TABLE ONLY public.django_content_type ALTER COLUMN id SET DEFAULT nextval('public.django_content_type_id_seq'::regclass);


--
-- Name: django_flatpage id; Type: DEFAULT; Schema: public; Owner: erick
--

ALTER TABLE ONLY public.django_flatpage ALTER COLUMN id SET DEFAULT nextval('public.django_flatpage_id_seq'::regclass);


--
-- Name: django_flatpage_sites id; Type: DEFAULT; Schema: public; Owner: erick
--

ALTER TABLE ONLY public.django_flatpage_sites ALTER COLUMN id SET DEFAULT nextval('public.django_flatpage_sites_id_seq'::regclass);


--
-- Name: django_migrations id; Type: DEFAULT; Schema: public; Owner: erick
--

ALTER TABLE ONLY public.django_migrations ALTER COLUMN id SET DEFAULT nextval('public.django_migrations_id_seq'::regclass);


--
-- Name: django_site id; Type: DEFAULT; Schema: public; Owner: erick
--

ALTER TABLE ONLY public.django_site ALTER COLUMN id SET DEFAULT nextval('public.django_site_id_seq'::regclass);


--
-- Name: lugar_pais id; Type: DEFAULT; Schema: public; Owner: erick
--

ALTER TABLE ONLY public.lugar_pais ALTER COLUMN id SET DEFAULT nextval('public.lugar_pais_id_seq'::regclass);


--
-- Name: noticias_categoria id; Type: DEFAULT; Schema: public; Owner: erick
--

ALTER TABLE ONLY public.noticias_categoria ALTER COLUMN id SET DEFAULT nextval('public.noticias_categoria_id_seq'::regclass);


--
-- Name: noticias_comunicacion id; Type: DEFAULT; Schema: public; Owner: erick
--

ALTER TABLE ONLY public.noticias_comunicacion ALTER COLUMN id SET DEFAULT nextval('public.noticias_comunicacion_id_seq'::regclass);


--
-- Name: organizacion_organizacion id; Type: DEFAULT; Schema: public; Owner: erick
--

ALTER TABLE ONLY public.organizacion_organizacion ALTER COLUMN id SET DEFAULT nextval('public.organizacion_organizacion_id_seq'::regclass);


--
-- Name: programacion_horaprogramacion id; Type: DEFAULT; Schema: public; Owner: erick
--

ALTER TABLE ONLY public.programacion_horaprogramacion ALTER COLUMN id SET DEFAULT nextval('public.programacion_horaprogramacion_id_seq'::regclass);


--
-- Name: programacion_programacion id; Type: DEFAULT; Schema: public; Owner: erick
--

ALTER TABLE ONLY public.programacion_programacion ALTER COLUMN id SET DEFAULT nextval('public.programacion_programacion_id_seq'::regclass);


--
-- Name: taggit_tag id; Type: DEFAULT; Schema: public; Owner: erick
--

ALTER TABLE ONLY public.taggit_tag ALTER COLUMN id SET DEFAULT nextval('public.taggit_tag_id_seq'::regclass);


--
-- Name: taggit_taggeditem id; Type: DEFAULT; Schema: public; Owner: erick
--

ALTER TABLE ONLY public.taggit_taggeditem ALTER COLUMN id SET DEFAULT nextval('public.taggit_taggeditem_id_seq'::regclass);


--
-- Name: usuario_user id; Type: DEFAULT; Schema: public; Owner: erick
--

ALTER TABLE ONLY public.usuario_user ALTER COLUMN id SET DEFAULT nextval('public.usuario_user_id_seq'::regclass);


--
-- Name: usuario_user_groups id; Type: DEFAULT; Schema: public; Owner: erick
--

ALTER TABLE ONLY public.usuario_user_groups ALTER COLUMN id SET DEFAULT nextval('public.usuario_user_groups_id_seq'::regclass);


--
-- Name: usuario_user_user_permissions id; Type: DEFAULT; Schema: public; Owner: erick
--

ALTER TABLE ONLY public.usuario_user_user_permissions ALTER COLUMN id SET DEFAULT nextval('public.usuario_user_user_permissions_id_seq'::regclass);


--
-- Name: videoteca_director id; Type: DEFAULT; Schema: public; Owner: erick
--

ALTER TABLE ONLY public.videoteca_director ALTER COLUMN id SET DEFAULT nextval('public.videoteca_director_id_seq'::regclass);


--
-- Name: videoteca_episodio id; Type: DEFAULT; Schema: public; Owner: erick
--

ALTER TABLE ONLY public.videoteca_episodio ALTER COLUMN id SET DEFAULT nextval('public.videoteca_episodio_id_seq'::regclass);


--
-- Name: videoteca_temporada id; Type: DEFAULT; Schema: public; Owner: erick
--

ALTER TABLE ONLY public.videoteca_temporada ALTER COLUMN id SET DEFAULT nextval('public.videoteca_temporada_id_seq'::regclass);


--
-- Name: videoteca_tipo id; Type: DEFAULT; Schema: public; Owner: erick
--

ALTER TABLE ONLY public.videoteca_tipo ALTER COLUMN id SET DEFAULT nextval('public.videoteca_tipo_id_seq'::regclass);


--
-- Name: videoteca_video id; Type: DEFAULT; Schema: public; Owner: erick
--

ALTER TABLE ONLY public.videoteca_video ALTER COLUMN id SET DEFAULT nextval('public.videoteca_video_id_seq'::regclass);


--
-- Name: videoteca_video_categoria id; Type: DEFAULT; Schema: public; Owner: erick
--

ALTER TABLE ONLY public.videoteca_video_categoria ALTER COLUMN id SET DEFAULT nextval('public.videoteca_video_categoria_id_seq'::regclass);


--
-- Data for Name: auth_group; Type: TABLE DATA; Schema: public; Owner: erick
--

COPY public.auth_group (id, name) FROM stdin;
\.


--
-- Data for Name: auth_group_permissions; Type: TABLE DATA; Schema: public; Owner: erick
--

COPY public.auth_group_permissions (id, group_id, permission_id) FROM stdin;
\.


--
-- Data for Name: auth_permission; Type: TABLE DATA; Schema: public; Owner: erick
--

COPY public.auth_permission (id, name, content_type_id, codename) FROM stdin;
1	Can add log entry	1	add_logentry
2	Can change log entry	1	change_logentry
3	Can delete log entry	1	delete_logentry
4	Can view log entry	1	view_logentry
5	Can add permission	2	add_permission
6	Can change permission	2	change_permission
7	Can delete permission	2	delete_permission
8	Can view permission	2	view_permission
9	Can add group	3	add_group
10	Can change group	3	change_group
11	Can delete group	3	delete_group
12	Can view group	3	view_group
13	Can add content type	4	add_contenttype
14	Can change content type	4	change_contenttype
15	Can delete content type	4	delete_contenttype
16	Can view content type	4	view_contenttype
17	Can add session	5	add_session
18	Can change session	5	change_session
19	Can delete session	5	delete_session
20	Can view session	5	view_session
21	Can add site	6	add_site
22	Can change site	6	change_site
23	Can delete site	6	delete_site
24	Can view site	6	view_site
25	Can add flat page	7	add_flatpage
26	Can change flat page	7	change_flatpage
27	Can delete flat page	7	delete_flatpage
28	Can view flat page	7	view_flatpage
29	Can add Director	8	add_director
30	Can change Director	8	change_director
31	Can delete Director	8	delete_director
32	Can view Director	8	view_director
33	Can add tipo	9	add_tipo
34	Can change tipo	9	change_tipo
35	Can delete tipo	9	delete_tipo
36	Can view tipo	9	view_tipo
37	Can add Video	10	add_video
38	Can change Video	10	change_video
39	Can delete Video	10	delete_video
40	Can view Video	10	view_video
41	Can add Temporada	11	add_temporada
42	Can change Temporada	11	change_temporada
43	Can delete Temporada	11	delete_temporada
44	Can view Temporada	11	view_temporada
45	Can add Episodio	12	add_episodio
46	Can change Episodio	12	change_episodio
47	Can delete Episodio	12	delete_episodio
48	Can view Episodio	12	view_episodio
49	Can add Pais	13	add_pais
50	Can change Pais	13	change_pais
51	Can delete Pais	13	delete_pais
52	Can view Pais	13	view_pais
53	Can add Categoria	14	add_categoria
54	Can change Categoria	14	change_categoria
55	Can delete Categoria	14	delete_categoria
56	Can view Categoria	14	view_categoria
57	Can add Noticia/Reportaje	15	add_comunicacion
58	Can change Noticia/Reportaje	15	change_comunicacion
59	Can delete Noticia/Reportaje	15	delete_comunicacion
60	Can view Noticia/Reportaje	15	view_comunicacion
61	Can add Biblioteca	16	add_biblioteca
62	Can change Biblioteca	16	change_biblioteca
63	Can delete Biblioteca	16	delete_biblioteca
64	Can view Biblioteca	16	view_biblioteca
65	Can add Programación	17	add_programacion
66	Can change Programación	17	change_programacion
67	Can delete Programación	17	delete_programacion
68	Can view Programación	17	view_programacion
69	Can add Hora Programación	18	add_horaprogramacion
70	Can change Hora Programación	18	change_horaprogramacion
71	Can delete Hora Programación	18	delete_horaprogramacion
72	Can view Hora Programación	18	view_horaprogramacion
73	Can add Organización	19	add_organizacion
74	Can change Organización	19	change_organizacion
75	Can delete Organización	19	delete_organizacion
76	Can view Organización	19	view_organizacion
77	Can add Usuario	20	add_user
78	Can change Usuario	20	change_user
79	Can delete Usuario	20	delete_user
80	Can view Usuario	20	view_user
81	Can add Tag	21	add_tag
82	Can change Tag	21	change_tag
83	Can delete Tag	21	delete_tag
84	Can view Tag	21	view_tag
85	Can add Tagged Item	22	add_taggeditem
86	Can change Tagged Item	22	change_taggeditem
87	Can delete Tagged Item	22	delete_taggeditem
88	Can view Tagged Item	22	view_taggeditem
89	Can add kv store	23	add_kvstore
90	Can change kv store	23	change_kvstore
91	Can delete kv store	23	delete_kvstore
92	Can view kv store	23	view_kvstore
\.


--
-- Data for Name: biblioteca_biblioteca; Type: TABLE DATA; Schema: public; Owner: erick
--

COPY public.biblioteca_biblioteca (id, nombre, descripcion, foto, archivo, categoria_id) FROM stdin;
\.


--
-- Data for Name: django_admin_log; Type: TABLE DATA; Schema: public; Owner: erick
--

COPY public.django_admin_log (id, action_time, object_id, object_repr, action_flag, change_message, content_type_id, user_id) FROM stdin;
1	2019-10-07 15:59:02.098678-06	1	Series	1	[{"added": {}}]	9	1
2	2019-10-07 16:04:00.786489-06	2	Peliculas	1	[{"added": {}}]	9	1
\.


--
-- Data for Name: django_content_type; Type: TABLE DATA; Schema: public; Owner: erick
--

COPY public.django_content_type (id, app_label, model) FROM stdin;
1	admin	logentry
2	auth	permission
3	auth	group
4	contenttypes	contenttype
5	sessions	session
6	sites	site
7	flatpages	flatpage
8	videoteca	director
9	videoteca	tipo
10	videoteca	video
11	videoteca	temporada
12	videoteca	episodio
13	lugar	pais
14	noticias	categoria
15	noticias	comunicacion
16	biblioteca	biblioteca
17	programacion	programacion
18	programacion	horaprogramacion
19	organizacion	organizacion
20	usuario	user
21	taggit	tag
22	taggit	taggeditem
23	thumbnail	kvstore
\.


--
-- Data for Name: django_flatpage; Type: TABLE DATA; Schema: public; Owner: erick
--

COPY public.django_flatpage (id, url, title, content, enable_comments, template_name, registration_required) FROM stdin;
\.


--
-- Data for Name: django_flatpage_sites; Type: TABLE DATA; Schema: public; Owner: erick
--

COPY public.django_flatpage_sites (id, flatpage_id, site_id) FROM stdin;
\.


--
-- Data for Name: django_migrations; Type: TABLE DATA; Schema: public; Owner: erick
--

COPY public.django_migrations (id, app, name, applied) FROM stdin;
1	lugar	0001_initial	2019-10-07 15:54:15.561924-06
2	organizacion	0001_initial	2019-10-07 15:54:15.579374-06
3	contenttypes	0001_initial	2019-10-07 15:54:15.60989-06
4	contenttypes	0002_remove_content_type_name	2019-10-07 15:54:15.627985-06
5	auth	0001_initial	2019-10-07 15:54:15.664137-06
6	auth	0002_alter_permission_name_max_length	2019-10-07 15:54:15.701632-06
7	auth	0003_alter_user_email_max_length	2019-10-07 15:54:15.710574-06
8	auth	0004_alter_user_username_opts	2019-10-07 15:54:15.717357-06
9	auth	0005_alter_user_last_login_null	2019-10-07 15:54:15.727321-06
10	auth	0006_require_contenttypes_0002	2019-10-07 15:54:15.73026-06
11	auth	0007_alter_validators_add_error_messages	2019-10-07 15:54:15.739284-06
12	auth	0008_alter_user_username_max_length	2019-10-07 15:54:15.746909-06
13	auth	0009_alter_user_last_name_max_length	2019-10-07 15:54:15.755-06
14	auth	0010_alter_group_name_max_length	2019-10-07 15:54:15.76259-06
15	auth	0011_update_proxy_permissions	2019-10-07 15:54:15.771152-06
16	usuario	0001_initial	2019-10-07 15:54:15.804677-06
17	admin	0001_initial	2019-10-07 15:54:15.877197-06
18	admin	0002_logentry_remove_auto_add	2019-10-07 15:54:15.905535-06
19	admin	0003_logentry_add_action_flag_choices	2019-10-07 15:54:15.91676-06
20	taggit	0001_initial	2019-10-07 15:54:15.949736-06
21	taggit	0002_auto_20150616_2121	2019-10-07 15:54:15.984395-06
22	taggit	0003_taggeditem_add_unique_index	2019-10-07 15:54:15.998067-06
23	noticias	0001_initial	2019-10-07 15:54:16.032142-06
24	biblioteca	0001_initial	2019-10-07 15:54:16.080123-06
25	sites	0001_initial	2019-10-07 15:54:16.093509-06
26	flatpages	0001_initial	2019-10-07 15:54:16.112674-06
27	programacion	0001_initial	2019-10-07 15:54:16.159498-06
28	sessions	0001_initial	2019-10-07 15:54:16.180028-06
29	sites	0002_alter_domain_unique	2019-10-07 15:54:16.201541-06
30	thumbnail	0001_initial	2019-10-07 15:54:16.214452-06
31	videoteca	0001_initial	2019-10-07 15:54:16.324965-06
\.


--
-- Data for Name: django_session; Type: TABLE DATA; Schema: public; Owner: erick
--

COPY public.django_session (session_key, session_data, expire_date) FROM stdin;
xa982zwag72w3754bgqtnn0ukyo66911	Zjc3ZGRkMjRlMTdiODg5NGNjYjE4ZDRjZGJlZDEyNDI1YzFmMzJjNjp7Il9hdXRoX3VzZXJfaWQiOiIxIiwiX2F1dGhfdXNlcl9iYWNrZW5kIjoiZGphbmdvLmNvbnRyaWIuYXV0aC5iYWNrZW5kcy5Nb2RlbEJhY2tlbmQiLCJfYXV0aF91c2VyX2hhc2giOiJkM2U5M2NkY2E1MWQ5YzhlZTI4MTBhOGI3ZjIxYjljMzQ5MzhiOTk3In0=	2019-10-21 15:54:48.082292-06
\.


--
-- Data for Name: django_site; Type: TABLE DATA; Schema: public; Owner: erick
--

COPY public.django_site (id, domain, name) FROM stdin;
1	example.com	example.com
\.


--
-- Data for Name: lugar_pais; Type: TABLE DATA; Schema: public; Owner: erick
--

COPY public.lugar_pais (id, nombre) FROM stdin;
\.


--
-- Data for Name: noticias_categoria; Type: TABLE DATA; Schema: public; Owner: erick
--

COPY public.noticias_categoria (id, nombre, slug) FROM stdin;
\.


--
-- Data for Name: noticias_comunicacion; Type: TABLE DATA; Schema: public; Owner: erick
--

COPY public.noticias_comunicacion (id, tipo, ultimo_momento, portada, titulo, fecha, banner, foto, descripcion, fuente, slug, autor_id, categoria_id, pais_id) FROM stdin;
\.


--
-- Data for Name: organizacion_organizacion; Type: TABLE DATA; Schema: public; Owner: erick
--

COPY public.organizacion_organizacion (id, nombre, siglas, logo, slug, correo, pais_id) FROM stdin;
\.


--
-- Data for Name: programacion_horaprogramacion; Type: TABLE DATA; Schema: public; Owner: erick
--

COPY public.programacion_horaprogramacion (id, titulo, descripcion, hora_inicio, hora_fin, categoria_p_id, programacion_id) FROM stdin;
\.


--
-- Data for Name: programacion_programacion; Type: TABLE DATA; Schema: public; Owner: erick
--

COPY public.programacion_programacion (id, titulo, link, fecha) FROM stdin;
\.


--
-- Data for Name: taggit_tag; Type: TABLE DATA; Schema: public; Owner: erick
--

COPY public.taggit_tag (id, name, slug) FROM stdin;
\.


--
-- Data for Name: taggit_taggeditem; Type: TABLE DATA; Schema: public; Owner: erick
--

COPY public.taggit_taggeditem (id, object_id, content_type_id, tag_id) FROM stdin;
\.


--
-- Data for Name: thumbnail_kvstore; Type: TABLE DATA; Schema: public; Owner: erick
--

COPY public.thumbnail_kvstore (key, value) FROM stdin;
\.


--
-- Data for Name: usuario_user; Type: TABLE DATA; Schema: public; Owner: erick
--

COPY public.usuario_user (id, password, last_login, is_superuser, username, first_name, last_name, email, is_staff, is_active, date_joined, avatar, org_id) FROM stdin;
1	pbkdf2_sha256$150000$hkQzA9H92gr7$MreLDKZdAv3rcKU8Zohw9dDMmo9ukzTV/cRayCy08qQ=	2019-10-07 15:54:48.079062-06	t	erick				t	t	2019-10-07 15:54:34.363978-06		\N
\.


--
-- Data for Name: usuario_user_groups; Type: TABLE DATA; Schema: public; Owner: erick
--

COPY public.usuario_user_groups (id, user_id, group_id) FROM stdin;
\.


--
-- Data for Name: usuario_user_user_permissions; Type: TABLE DATA; Schema: public; Owner: erick
--

COPY public.usuario_user_user_permissions (id, user_id, permission_id) FROM stdin;
\.


--
-- Data for Name: videoteca_director; Type: TABLE DATA; Schema: public; Owner: erick
--

COPY public.videoteca_director (id, nombre) FROM stdin;
\.


--
-- Data for Name: videoteca_episodio; Type: TABLE DATA; Schema: public; Owner: erick
--

COPY public.videoteca_episodio (id, link, imagen, titulo, sinopsis, duracion, slug, temporada_id) FROM stdin;
\.


--
-- Data for Name: videoteca_temporada; Type: TABLE DATA; Schema: public; Owner: erick
--

COPY public.videoteca_temporada (id, temporada, info_video_id) FROM stdin;
\.


--
-- Data for Name: videoteca_tipo; Type: TABLE DATA; Schema: public; Owner: erick
--

COPY public.videoteca_tipo (id, nombre, slug) FROM stdin;
1	Series	series
2	Peliculas	peliculas
\.


--
-- Data for Name: videoteca_video; Type: TABLE DATA; Schema: public; Owner: erick
--

COPY public.videoteca_video (id, portada, nombre, imagen, sinopsis, fecha, produccion, duracion, url, slug, director_id, pais_id, tipo_id) FROM stdin;
\.


--
-- Data for Name: videoteca_video_categoria; Type: TABLE DATA; Schema: public; Owner: erick
--

COPY public.videoteca_video_categoria (id, video_id, categoria_id) FROM stdin;
\.


--
-- Name: auth_group_id_seq; Type: SEQUENCE SET; Schema: public; Owner: erick
--

SELECT pg_catalog.setval('public.auth_group_id_seq', 1, false);


--
-- Name: auth_group_permissions_id_seq; Type: SEQUENCE SET; Schema: public; Owner: erick
--

SELECT pg_catalog.setval('public.auth_group_permissions_id_seq', 1, false);


--
-- Name: auth_permission_id_seq; Type: SEQUENCE SET; Schema: public; Owner: erick
--

SELECT pg_catalog.setval('public.auth_permission_id_seq', 92, true);


--
-- Name: biblioteca_biblioteca_id_seq; Type: SEQUENCE SET; Schema: public; Owner: erick
--

SELECT pg_catalog.setval('public.biblioteca_biblioteca_id_seq', 1, false);


--
-- Name: django_admin_log_id_seq; Type: SEQUENCE SET; Schema: public; Owner: erick
--

SELECT pg_catalog.setval('public.django_admin_log_id_seq', 2, true);


--
-- Name: django_content_type_id_seq; Type: SEQUENCE SET; Schema: public; Owner: erick
--

SELECT pg_catalog.setval('public.django_content_type_id_seq', 23, true);


--
-- Name: django_flatpage_id_seq; Type: SEQUENCE SET; Schema: public; Owner: erick
--

SELECT pg_catalog.setval('public.django_flatpage_id_seq', 1, false);


--
-- Name: django_flatpage_sites_id_seq; Type: SEQUENCE SET; Schema: public; Owner: erick
--

SELECT pg_catalog.setval('public.django_flatpage_sites_id_seq', 1, false);


--
-- Name: django_migrations_id_seq; Type: SEQUENCE SET; Schema: public; Owner: erick
--

SELECT pg_catalog.setval('public.django_migrations_id_seq', 31, true);


--
-- Name: django_site_id_seq; Type: SEQUENCE SET; Schema: public; Owner: erick
--

SELECT pg_catalog.setval('public.django_site_id_seq', 1, true);


--
-- Name: lugar_pais_id_seq; Type: SEQUENCE SET; Schema: public; Owner: erick
--

SELECT pg_catalog.setval('public.lugar_pais_id_seq', 1, false);


--
-- Name: noticias_categoria_id_seq; Type: SEQUENCE SET; Schema: public; Owner: erick
--

SELECT pg_catalog.setval('public.noticias_categoria_id_seq', 1, false);


--
-- Name: noticias_comunicacion_id_seq; Type: SEQUENCE SET; Schema: public; Owner: erick
--

SELECT pg_catalog.setval('public.noticias_comunicacion_id_seq', 1, false);


--
-- Name: organizacion_organizacion_id_seq; Type: SEQUENCE SET; Schema: public; Owner: erick
--

SELECT pg_catalog.setval('public.organizacion_organizacion_id_seq', 1, false);


--
-- Name: programacion_horaprogramacion_id_seq; Type: SEQUENCE SET; Schema: public; Owner: erick
--

SELECT pg_catalog.setval('public.programacion_horaprogramacion_id_seq', 1, false);


--
-- Name: programacion_programacion_id_seq; Type: SEQUENCE SET; Schema: public; Owner: erick
--

SELECT pg_catalog.setval('public.programacion_programacion_id_seq', 1, false);


--
-- Name: taggit_tag_id_seq; Type: SEQUENCE SET; Schema: public; Owner: erick
--

SELECT pg_catalog.setval('public.taggit_tag_id_seq', 1, false);


--
-- Name: taggit_taggeditem_id_seq; Type: SEQUENCE SET; Schema: public; Owner: erick
--

SELECT pg_catalog.setval('public.taggit_taggeditem_id_seq', 1, false);


--
-- Name: usuario_user_groups_id_seq; Type: SEQUENCE SET; Schema: public; Owner: erick
--

SELECT pg_catalog.setval('public.usuario_user_groups_id_seq', 1, false);


--
-- Name: usuario_user_id_seq; Type: SEQUENCE SET; Schema: public; Owner: erick
--

SELECT pg_catalog.setval('public.usuario_user_id_seq', 1, true);


--
-- Name: usuario_user_user_permissions_id_seq; Type: SEQUENCE SET; Schema: public; Owner: erick
--

SELECT pg_catalog.setval('public.usuario_user_user_permissions_id_seq', 1, false);


--
-- Name: videoteca_director_id_seq; Type: SEQUENCE SET; Schema: public; Owner: erick
--

SELECT pg_catalog.setval('public.videoteca_director_id_seq', 1, false);


--
-- Name: videoteca_episodio_id_seq; Type: SEQUENCE SET; Schema: public; Owner: erick
--

SELECT pg_catalog.setval('public.videoteca_episodio_id_seq', 1, false);


--
-- Name: videoteca_temporada_id_seq; Type: SEQUENCE SET; Schema: public; Owner: erick
--

SELECT pg_catalog.setval('public.videoteca_temporada_id_seq', 1, false);


--
-- Name: videoteca_tipo_id_seq; Type: SEQUENCE SET; Schema: public; Owner: erick
--

SELECT pg_catalog.setval('public.videoteca_tipo_id_seq', 2, true);


--
-- Name: videoteca_video_categoria_id_seq; Type: SEQUENCE SET; Schema: public; Owner: erick
--

SELECT pg_catalog.setval('public.videoteca_video_categoria_id_seq', 1, false);


--
-- Name: videoteca_video_id_seq; Type: SEQUENCE SET; Schema: public; Owner: erick
--

SELECT pg_catalog.setval('public.videoteca_video_id_seq', 1, false);


--
-- Name: auth_group auth_group_name_key; Type: CONSTRAINT; Schema: public; Owner: erick
--

ALTER TABLE ONLY public.auth_group
    ADD CONSTRAINT auth_group_name_key UNIQUE (name);


--
-- Name: auth_group_permissions auth_group_permissions_group_id_permission_id_0cd325b0_uniq; Type: CONSTRAINT; Schema: public; Owner: erick
--

ALTER TABLE ONLY public.auth_group_permissions
    ADD CONSTRAINT auth_group_permissions_group_id_permission_id_0cd325b0_uniq UNIQUE (group_id, permission_id);


--
-- Name: auth_group_permissions auth_group_permissions_pkey; Type: CONSTRAINT; Schema: public; Owner: erick
--

ALTER TABLE ONLY public.auth_group_permissions
    ADD CONSTRAINT auth_group_permissions_pkey PRIMARY KEY (id);


--
-- Name: auth_group auth_group_pkey; Type: CONSTRAINT; Schema: public; Owner: erick
--

ALTER TABLE ONLY public.auth_group
    ADD CONSTRAINT auth_group_pkey PRIMARY KEY (id);


--
-- Name: auth_permission auth_permission_content_type_id_codename_01ab375a_uniq; Type: CONSTRAINT; Schema: public; Owner: erick
--

ALTER TABLE ONLY public.auth_permission
    ADD CONSTRAINT auth_permission_content_type_id_codename_01ab375a_uniq UNIQUE (content_type_id, codename);


--
-- Name: auth_permission auth_permission_pkey; Type: CONSTRAINT; Schema: public; Owner: erick
--

ALTER TABLE ONLY public.auth_permission
    ADD CONSTRAINT auth_permission_pkey PRIMARY KEY (id);


--
-- Name: biblioteca_biblioteca biblioteca_biblioteca_pkey; Type: CONSTRAINT; Schema: public; Owner: erick
--

ALTER TABLE ONLY public.biblioteca_biblioteca
    ADD CONSTRAINT biblioteca_biblioteca_pkey PRIMARY KEY (id);


--
-- Name: django_admin_log django_admin_log_pkey; Type: CONSTRAINT; Schema: public; Owner: erick
--

ALTER TABLE ONLY public.django_admin_log
    ADD CONSTRAINT django_admin_log_pkey PRIMARY KEY (id);


--
-- Name: django_content_type django_content_type_app_label_model_76bd3d3b_uniq; Type: CONSTRAINT; Schema: public; Owner: erick
--

ALTER TABLE ONLY public.django_content_type
    ADD CONSTRAINT django_content_type_app_label_model_76bd3d3b_uniq UNIQUE (app_label, model);


--
-- Name: django_content_type django_content_type_pkey; Type: CONSTRAINT; Schema: public; Owner: erick
--

ALTER TABLE ONLY public.django_content_type
    ADD CONSTRAINT django_content_type_pkey PRIMARY KEY (id);


--
-- Name: django_flatpage django_flatpage_pkey; Type: CONSTRAINT; Schema: public; Owner: erick
--

ALTER TABLE ONLY public.django_flatpage
    ADD CONSTRAINT django_flatpage_pkey PRIMARY KEY (id);


--
-- Name: django_flatpage_sites django_flatpage_sites_flatpage_id_site_id_0d29d9d1_uniq; Type: CONSTRAINT; Schema: public; Owner: erick
--

ALTER TABLE ONLY public.django_flatpage_sites
    ADD CONSTRAINT django_flatpage_sites_flatpage_id_site_id_0d29d9d1_uniq UNIQUE (flatpage_id, site_id);


--
-- Name: django_flatpage_sites django_flatpage_sites_pkey; Type: CONSTRAINT; Schema: public; Owner: erick
--

ALTER TABLE ONLY public.django_flatpage_sites
    ADD CONSTRAINT django_flatpage_sites_pkey PRIMARY KEY (id);


--
-- Name: django_migrations django_migrations_pkey; Type: CONSTRAINT; Schema: public; Owner: erick
--

ALTER TABLE ONLY public.django_migrations
    ADD CONSTRAINT django_migrations_pkey PRIMARY KEY (id);


--
-- Name: django_session django_session_pkey; Type: CONSTRAINT; Schema: public; Owner: erick
--

ALTER TABLE ONLY public.django_session
    ADD CONSTRAINT django_session_pkey PRIMARY KEY (session_key);


--
-- Name: django_site django_site_domain_a2e37b91_uniq; Type: CONSTRAINT; Schema: public; Owner: erick
--

ALTER TABLE ONLY public.django_site
    ADD CONSTRAINT django_site_domain_a2e37b91_uniq UNIQUE (domain);


--
-- Name: django_site django_site_pkey; Type: CONSTRAINT; Schema: public; Owner: erick
--

ALTER TABLE ONLY public.django_site
    ADD CONSTRAINT django_site_pkey PRIMARY KEY (id);


--
-- Name: lugar_pais lugar_pais_pkey; Type: CONSTRAINT; Schema: public; Owner: erick
--

ALTER TABLE ONLY public.lugar_pais
    ADD CONSTRAINT lugar_pais_pkey PRIMARY KEY (id);


--
-- Name: noticias_categoria noticias_categoria_pkey; Type: CONSTRAINT; Schema: public; Owner: erick
--

ALTER TABLE ONLY public.noticias_categoria
    ADD CONSTRAINT noticias_categoria_pkey PRIMARY KEY (id);


--
-- Name: noticias_comunicacion noticias_comunicacion_pkey; Type: CONSTRAINT; Schema: public; Owner: erick
--

ALTER TABLE ONLY public.noticias_comunicacion
    ADD CONSTRAINT noticias_comunicacion_pkey PRIMARY KEY (id);


--
-- Name: noticias_comunicacion noticias_comunicacion_slug_key; Type: CONSTRAINT; Schema: public; Owner: erick
--

ALTER TABLE ONLY public.noticias_comunicacion
    ADD CONSTRAINT noticias_comunicacion_slug_key UNIQUE (slug);


--
-- Name: organizacion_organizacion organizacion_organizacion_pkey; Type: CONSTRAINT; Schema: public; Owner: erick
--

ALTER TABLE ONLY public.organizacion_organizacion
    ADD CONSTRAINT organizacion_organizacion_pkey PRIMARY KEY (id);


--
-- Name: programacion_horaprogramacion programacion_horaprogramacion_pkey; Type: CONSTRAINT; Schema: public; Owner: erick
--

ALTER TABLE ONLY public.programacion_horaprogramacion
    ADD CONSTRAINT programacion_horaprogramacion_pkey PRIMARY KEY (id);


--
-- Name: programacion_programacion programacion_programacion_pkey; Type: CONSTRAINT; Schema: public; Owner: erick
--

ALTER TABLE ONLY public.programacion_programacion
    ADD CONSTRAINT programacion_programacion_pkey PRIMARY KEY (id);


--
-- Name: taggit_tag taggit_tag_name_key; Type: CONSTRAINT; Schema: public; Owner: erick
--

ALTER TABLE ONLY public.taggit_tag
    ADD CONSTRAINT taggit_tag_name_key UNIQUE (name);


--
-- Name: taggit_tag taggit_tag_pkey; Type: CONSTRAINT; Schema: public; Owner: erick
--

ALTER TABLE ONLY public.taggit_tag
    ADD CONSTRAINT taggit_tag_pkey PRIMARY KEY (id);


--
-- Name: taggit_tag taggit_tag_slug_key; Type: CONSTRAINT; Schema: public; Owner: erick
--

ALTER TABLE ONLY public.taggit_tag
    ADD CONSTRAINT taggit_tag_slug_key UNIQUE (slug);


--
-- Name: taggit_taggeditem taggit_taggeditem_content_type_id_object_i_4bb97a8e_uniq; Type: CONSTRAINT; Schema: public; Owner: erick
--

ALTER TABLE ONLY public.taggit_taggeditem
    ADD CONSTRAINT taggit_taggeditem_content_type_id_object_i_4bb97a8e_uniq UNIQUE (content_type_id, object_id, tag_id);


--
-- Name: taggit_taggeditem taggit_taggeditem_pkey; Type: CONSTRAINT; Schema: public; Owner: erick
--

ALTER TABLE ONLY public.taggit_taggeditem
    ADD CONSTRAINT taggit_taggeditem_pkey PRIMARY KEY (id);


--
-- Name: thumbnail_kvstore thumbnail_kvstore_pkey; Type: CONSTRAINT; Schema: public; Owner: erick
--

ALTER TABLE ONLY public.thumbnail_kvstore
    ADD CONSTRAINT thumbnail_kvstore_pkey PRIMARY KEY (key);


--
-- Name: usuario_user usuario_user_email_f7cdd5e5_uniq; Type: CONSTRAINT; Schema: public; Owner: erick
--

ALTER TABLE ONLY public.usuario_user
    ADD CONSTRAINT usuario_user_email_f7cdd5e5_uniq UNIQUE (email);


--
-- Name: usuario_user_groups usuario_user_groups_pkey; Type: CONSTRAINT; Schema: public; Owner: erick
--

ALTER TABLE ONLY public.usuario_user_groups
    ADD CONSTRAINT usuario_user_groups_pkey PRIMARY KEY (id);


--
-- Name: usuario_user_groups usuario_user_groups_user_id_group_id_1b0807de_uniq; Type: CONSTRAINT; Schema: public; Owner: erick
--

ALTER TABLE ONLY public.usuario_user_groups
    ADD CONSTRAINT usuario_user_groups_user_id_group_id_1b0807de_uniq UNIQUE (user_id, group_id);


--
-- Name: usuario_user usuario_user_pkey; Type: CONSTRAINT; Schema: public; Owner: erick
--

ALTER TABLE ONLY public.usuario_user
    ADD CONSTRAINT usuario_user_pkey PRIMARY KEY (id);


--
-- Name: usuario_user_user_permissions usuario_user_user_permis_user_id_permission_id_d74a6945_uniq; Type: CONSTRAINT; Schema: public; Owner: erick
--

ALTER TABLE ONLY public.usuario_user_user_permissions
    ADD CONSTRAINT usuario_user_user_permis_user_id_permission_id_d74a6945_uniq UNIQUE (user_id, permission_id);


--
-- Name: usuario_user_user_permissions usuario_user_user_permissions_pkey; Type: CONSTRAINT; Schema: public; Owner: erick
--

ALTER TABLE ONLY public.usuario_user_user_permissions
    ADD CONSTRAINT usuario_user_user_permissions_pkey PRIMARY KEY (id);


--
-- Name: usuario_user usuario_user_username_key; Type: CONSTRAINT; Schema: public; Owner: erick
--

ALTER TABLE ONLY public.usuario_user
    ADD CONSTRAINT usuario_user_username_key UNIQUE (username);


--
-- Name: videoteca_director videoteca_director_pkey; Type: CONSTRAINT; Schema: public; Owner: erick
--

ALTER TABLE ONLY public.videoteca_director
    ADD CONSTRAINT videoteca_director_pkey PRIMARY KEY (id);


--
-- Name: videoteca_episodio videoteca_episodio_pkey; Type: CONSTRAINT; Schema: public; Owner: erick
--

ALTER TABLE ONLY public.videoteca_episodio
    ADD CONSTRAINT videoteca_episodio_pkey PRIMARY KEY (id);


--
-- Name: videoteca_temporada videoteca_temporada_pkey; Type: CONSTRAINT; Schema: public; Owner: erick
--

ALTER TABLE ONLY public.videoteca_temporada
    ADD CONSTRAINT videoteca_temporada_pkey PRIMARY KEY (id);


--
-- Name: videoteca_tipo videoteca_tipo_pkey; Type: CONSTRAINT; Schema: public; Owner: erick
--

ALTER TABLE ONLY public.videoteca_tipo
    ADD CONSTRAINT videoteca_tipo_pkey PRIMARY KEY (id);


--
-- Name: videoteca_video_categoria videoteca_video_categoria_pkey; Type: CONSTRAINT; Schema: public; Owner: erick
--

ALTER TABLE ONLY public.videoteca_video_categoria
    ADD CONSTRAINT videoteca_video_categoria_pkey PRIMARY KEY (id);


--
-- Name: videoteca_video_categoria videoteca_video_categoria_video_id_categoria_id_13cef2db_uniq; Type: CONSTRAINT; Schema: public; Owner: erick
--

ALTER TABLE ONLY public.videoteca_video_categoria
    ADD CONSTRAINT videoteca_video_categoria_video_id_categoria_id_13cef2db_uniq UNIQUE (video_id, categoria_id);


--
-- Name: videoteca_video videoteca_video_pkey; Type: CONSTRAINT; Schema: public; Owner: erick
--

ALTER TABLE ONLY public.videoteca_video
    ADD CONSTRAINT videoteca_video_pkey PRIMARY KEY (id);


--
-- Name: auth_group_name_a6ea08ec_like; Type: INDEX; Schema: public; Owner: erick
--

CREATE INDEX auth_group_name_a6ea08ec_like ON public.auth_group USING btree (name varchar_pattern_ops);


--
-- Name: auth_group_permissions_group_id_b120cbf9; Type: INDEX; Schema: public; Owner: erick
--

CREATE INDEX auth_group_permissions_group_id_b120cbf9 ON public.auth_group_permissions USING btree (group_id);


--
-- Name: auth_group_permissions_permission_id_84c5c92e; Type: INDEX; Schema: public; Owner: erick
--

CREATE INDEX auth_group_permissions_permission_id_84c5c92e ON public.auth_group_permissions USING btree (permission_id);


--
-- Name: auth_permission_content_type_id_2f476e4b; Type: INDEX; Schema: public; Owner: erick
--

CREATE INDEX auth_permission_content_type_id_2f476e4b ON public.auth_permission USING btree (content_type_id);


--
-- Name: biblioteca_biblioteca_categoria_id_f0089410; Type: INDEX; Schema: public; Owner: erick
--

CREATE INDEX biblioteca_biblioteca_categoria_id_f0089410 ON public.biblioteca_biblioteca USING btree (categoria_id);


--
-- Name: django_admin_log_content_type_id_c4bce8eb; Type: INDEX; Schema: public; Owner: erick
--

CREATE INDEX django_admin_log_content_type_id_c4bce8eb ON public.django_admin_log USING btree (content_type_id);


--
-- Name: django_admin_log_user_id_c564eba6; Type: INDEX; Schema: public; Owner: erick
--

CREATE INDEX django_admin_log_user_id_c564eba6 ON public.django_admin_log USING btree (user_id);


--
-- Name: django_flatpage_sites_flatpage_id_078bbc8b; Type: INDEX; Schema: public; Owner: erick
--

CREATE INDEX django_flatpage_sites_flatpage_id_078bbc8b ON public.django_flatpage_sites USING btree (flatpage_id);


--
-- Name: django_flatpage_sites_site_id_bfd8ea84; Type: INDEX; Schema: public; Owner: erick
--

CREATE INDEX django_flatpage_sites_site_id_bfd8ea84 ON public.django_flatpage_sites USING btree (site_id);


--
-- Name: django_flatpage_url_41612362; Type: INDEX; Schema: public; Owner: erick
--

CREATE INDEX django_flatpage_url_41612362 ON public.django_flatpage USING btree (url);


--
-- Name: django_flatpage_url_41612362_like; Type: INDEX; Schema: public; Owner: erick
--

CREATE INDEX django_flatpage_url_41612362_like ON public.django_flatpage USING btree (url varchar_pattern_ops);


--
-- Name: django_session_expire_date_a5c62663; Type: INDEX; Schema: public; Owner: erick
--

CREATE INDEX django_session_expire_date_a5c62663 ON public.django_session USING btree (expire_date);


--
-- Name: django_session_session_key_c0390e0f_like; Type: INDEX; Schema: public; Owner: erick
--

CREATE INDEX django_session_session_key_c0390e0f_like ON public.django_session USING btree (session_key varchar_pattern_ops);


--
-- Name: django_site_domain_a2e37b91_like; Type: INDEX; Schema: public; Owner: erick
--

CREATE INDEX django_site_domain_a2e37b91_like ON public.django_site USING btree (domain varchar_pattern_ops);


--
-- Name: noticias_categoria_slug_13edf777; Type: INDEX; Schema: public; Owner: erick
--

CREATE INDEX noticias_categoria_slug_13edf777 ON public.noticias_categoria USING btree (slug);


--
-- Name: noticias_categoria_slug_13edf777_like; Type: INDEX; Schema: public; Owner: erick
--

CREATE INDEX noticias_categoria_slug_13edf777_like ON public.noticias_categoria USING btree (slug varchar_pattern_ops);


--
-- Name: noticias_comunicacion_autor_id_2dd49981; Type: INDEX; Schema: public; Owner: erick
--

CREATE INDEX noticias_comunicacion_autor_id_2dd49981 ON public.noticias_comunicacion USING btree (autor_id);


--
-- Name: noticias_comunicacion_categoria_id_7af96ea6; Type: INDEX; Schema: public; Owner: erick
--

CREATE INDEX noticias_comunicacion_categoria_id_7af96ea6 ON public.noticias_comunicacion USING btree (categoria_id);


--
-- Name: noticias_comunicacion_pais_id_05ff3a31; Type: INDEX; Schema: public; Owner: erick
--

CREATE INDEX noticias_comunicacion_pais_id_05ff3a31 ON public.noticias_comunicacion USING btree (pais_id);


--
-- Name: noticias_comunicacion_slug_58e0df46_like; Type: INDEX; Schema: public; Owner: erick
--

CREATE INDEX noticias_comunicacion_slug_58e0df46_like ON public.noticias_comunicacion USING btree (slug varchar_pattern_ops);


--
-- Name: organizacion_organizacion_pais_id_d9ff42f2; Type: INDEX; Schema: public; Owner: erick
--

CREATE INDEX organizacion_organizacion_pais_id_d9ff42f2 ON public.organizacion_organizacion USING btree (pais_id);


--
-- Name: organizacion_organizacion_slug_c30f34e5; Type: INDEX; Schema: public; Owner: erick
--

CREATE INDEX organizacion_organizacion_slug_c30f34e5 ON public.organizacion_organizacion USING btree (slug);


--
-- Name: organizacion_organizacion_slug_c30f34e5_like; Type: INDEX; Schema: public; Owner: erick
--

CREATE INDEX organizacion_organizacion_slug_c30f34e5_like ON public.organizacion_organizacion USING btree (slug varchar_pattern_ops);


--
-- Name: programacion_horaprogramacion_categoria_p_id_93b4e8e4; Type: INDEX; Schema: public; Owner: erick
--

CREATE INDEX programacion_horaprogramacion_categoria_p_id_93b4e8e4 ON public.programacion_horaprogramacion USING btree (categoria_p_id);


--
-- Name: programacion_horaprogramacion_programacion_id_7b61c741; Type: INDEX; Schema: public; Owner: erick
--

CREATE INDEX programacion_horaprogramacion_programacion_id_7b61c741 ON public.programacion_horaprogramacion USING btree (programacion_id);


--
-- Name: taggit_tag_name_58eb2ed9_like; Type: INDEX; Schema: public; Owner: erick
--

CREATE INDEX taggit_tag_name_58eb2ed9_like ON public.taggit_tag USING btree (name varchar_pattern_ops);


--
-- Name: taggit_tag_slug_6be58b2c_like; Type: INDEX; Schema: public; Owner: erick
--

CREATE INDEX taggit_tag_slug_6be58b2c_like ON public.taggit_tag USING btree (slug varchar_pattern_ops);


--
-- Name: taggit_taggeditem_content_type_id_9957a03c; Type: INDEX; Schema: public; Owner: erick
--

CREATE INDEX taggit_taggeditem_content_type_id_9957a03c ON public.taggit_taggeditem USING btree (content_type_id);


--
-- Name: taggit_taggeditem_content_type_id_object_id_196cc965_idx; Type: INDEX; Schema: public; Owner: erick
--

CREATE INDEX taggit_taggeditem_content_type_id_object_id_196cc965_idx ON public.taggit_taggeditem USING btree (content_type_id, object_id);


--
-- Name: taggit_taggeditem_object_id_e2d7d1df; Type: INDEX; Schema: public; Owner: erick
--

CREATE INDEX taggit_taggeditem_object_id_e2d7d1df ON public.taggit_taggeditem USING btree (object_id);


--
-- Name: taggit_taggeditem_tag_id_f4f5b767; Type: INDEX; Schema: public; Owner: erick
--

CREATE INDEX taggit_taggeditem_tag_id_f4f5b767 ON public.taggit_taggeditem USING btree (tag_id);


--
-- Name: thumbnail_kvstore_key_3f850178_like; Type: INDEX; Schema: public; Owner: erick
--

CREATE INDEX thumbnail_kvstore_key_3f850178_like ON public.thumbnail_kvstore USING btree (key varchar_pattern_ops);


--
-- Name: usuario_user_groups_group_id_e313e18d; Type: INDEX; Schema: public; Owner: erick
--

CREATE INDEX usuario_user_groups_group_id_e313e18d ON public.usuario_user_groups USING btree (group_id);


--
-- Name: usuario_user_groups_user_id_1df7a96d; Type: INDEX; Schema: public; Owner: erick
--

CREATE INDEX usuario_user_groups_user_id_1df7a96d ON public.usuario_user_groups USING btree (user_id);


--
-- Name: usuario_user_org_id_c0d3723c; Type: INDEX; Schema: public; Owner: erick
--

CREATE INDEX usuario_user_org_id_c0d3723c ON public.usuario_user USING btree (org_id);


--
-- Name: usuario_user_user_permissions_permission_id_fae57acd; Type: INDEX; Schema: public; Owner: erick
--

CREATE INDEX usuario_user_user_permissions_permission_id_fae57acd ON public.usuario_user_user_permissions USING btree (permission_id);


--
-- Name: usuario_user_user_permissions_user_id_bfc8eb29; Type: INDEX; Schema: public; Owner: erick
--

CREATE INDEX usuario_user_user_permissions_user_id_bfc8eb29 ON public.usuario_user_user_permissions USING btree (user_id);


--
-- Name: usuario_user_username_53514836_like; Type: INDEX; Schema: public; Owner: erick
--

CREATE INDEX usuario_user_username_53514836_like ON public.usuario_user USING btree (username varchar_pattern_ops);


--
-- Name: videoteca_episodio_slug_1864fc97; Type: INDEX; Schema: public; Owner: erick
--

CREATE INDEX videoteca_episodio_slug_1864fc97 ON public.videoteca_episodio USING btree (slug);


--
-- Name: videoteca_episodio_slug_1864fc97_like; Type: INDEX; Schema: public; Owner: erick
--

CREATE INDEX videoteca_episodio_slug_1864fc97_like ON public.videoteca_episodio USING btree (slug varchar_pattern_ops);


--
-- Name: videoteca_episodio_temporada_id_14623a3c; Type: INDEX; Schema: public; Owner: erick
--

CREATE INDEX videoteca_episodio_temporada_id_14623a3c ON public.videoteca_episodio USING btree (temporada_id);


--
-- Name: videoteca_temporada_info_video_id_a46d2386; Type: INDEX; Schema: public; Owner: erick
--

CREATE INDEX videoteca_temporada_info_video_id_a46d2386 ON public.videoteca_temporada USING btree (info_video_id);


--
-- Name: videoteca_tipo_slug_16580ee4; Type: INDEX; Schema: public; Owner: erick
--

CREATE INDEX videoteca_tipo_slug_16580ee4 ON public.videoteca_tipo USING btree (slug);


--
-- Name: videoteca_tipo_slug_16580ee4_like; Type: INDEX; Schema: public; Owner: erick
--

CREATE INDEX videoteca_tipo_slug_16580ee4_like ON public.videoteca_tipo USING btree (slug varchar_pattern_ops);


--
-- Name: videoteca_video_categoria_categoria_id_b0b4c5bb; Type: INDEX; Schema: public; Owner: erick
--

CREATE INDEX videoteca_video_categoria_categoria_id_b0b4c5bb ON public.videoteca_video_categoria USING btree (categoria_id);


--
-- Name: videoteca_video_categoria_video_id_5244dad0; Type: INDEX; Schema: public; Owner: erick
--

CREATE INDEX videoteca_video_categoria_video_id_5244dad0 ON public.videoteca_video_categoria USING btree (video_id);


--
-- Name: videoteca_video_director_id_1b42d4b8; Type: INDEX; Schema: public; Owner: erick
--

CREATE INDEX videoteca_video_director_id_1b42d4b8 ON public.videoteca_video USING btree (director_id);


--
-- Name: videoteca_video_pais_id_4b5b511f; Type: INDEX; Schema: public; Owner: erick
--

CREATE INDEX videoteca_video_pais_id_4b5b511f ON public.videoteca_video USING btree (pais_id);


--
-- Name: videoteca_video_slug_a963b343; Type: INDEX; Schema: public; Owner: erick
--

CREATE INDEX videoteca_video_slug_a963b343 ON public.videoteca_video USING btree (slug);


--
-- Name: videoteca_video_slug_a963b343_like; Type: INDEX; Schema: public; Owner: erick
--

CREATE INDEX videoteca_video_slug_a963b343_like ON public.videoteca_video USING btree (slug varchar_pattern_ops);


--
-- Name: videoteca_video_tipo_id_288de99a; Type: INDEX; Schema: public; Owner: erick
--

CREATE INDEX videoteca_video_tipo_id_288de99a ON public.videoteca_video USING btree (tipo_id);


--
-- Name: auth_group_permissions auth_group_permissio_permission_id_84c5c92e_fk_auth_perm; Type: FK CONSTRAINT; Schema: public; Owner: erick
--

ALTER TABLE ONLY public.auth_group_permissions
    ADD CONSTRAINT auth_group_permissio_permission_id_84c5c92e_fk_auth_perm FOREIGN KEY (permission_id) REFERENCES public.auth_permission(id) DEFERRABLE INITIALLY DEFERRED;


--
-- Name: auth_group_permissions auth_group_permissions_group_id_b120cbf9_fk_auth_group_id; Type: FK CONSTRAINT; Schema: public; Owner: erick
--

ALTER TABLE ONLY public.auth_group_permissions
    ADD CONSTRAINT auth_group_permissions_group_id_b120cbf9_fk_auth_group_id FOREIGN KEY (group_id) REFERENCES public.auth_group(id) DEFERRABLE INITIALLY DEFERRED;


--
-- Name: auth_permission auth_permission_content_type_id_2f476e4b_fk_django_co; Type: FK CONSTRAINT; Schema: public; Owner: erick
--

ALTER TABLE ONLY public.auth_permission
    ADD CONSTRAINT auth_permission_content_type_id_2f476e4b_fk_django_co FOREIGN KEY (content_type_id) REFERENCES public.django_content_type(id) DEFERRABLE INITIALLY DEFERRED;


--
-- Name: biblioteca_biblioteca biblioteca_bibliotec_categoria_id_f0089410_fk_noticias_; Type: FK CONSTRAINT; Schema: public; Owner: erick
--

ALTER TABLE ONLY public.biblioteca_biblioteca
    ADD CONSTRAINT biblioteca_bibliotec_categoria_id_f0089410_fk_noticias_ FOREIGN KEY (categoria_id) REFERENCES public.noticias_categoria(id) DEFERRABLE INITIALLY DEFERRED;


--
-- Name: django_admin_log django_admin_log_content_type_id_c4bce8eb_fk_django_co; Type: FK CONSTRAINT; Schema: public; Owner: erick
--

ALTER TABLE ONLY public.django_admin_log
    ADD CONSTRAINT django_admin_log_content_type_id_c4bce8eb_fk_django_co FOREIGN KEY (content_type_id) REFERENCES public.django_content_type(id) DEFERRABLE INITIALLY DEFERRED;


--
-- Name: django_admin_log django_admin_log_user_id_c564eba6_fk_usuario_user_id; Type: FK CONSTRAINT; Schema: public; Owner: erick
--

ALTER TABLE ONLY public.django_admin_log
    ADD CONSTRAINT django_admin_log_user_id_c564eba6_fk_usuario_user_id FOREIGN KEY (user_id) REFERENCES public.usuario_user(id) DEFERRABLE INITIALLY DEFERRED;


--
-- Name: django_flatpage_sites django_flatpage_site_flatpage_id_078bbc8b_fk_django_fl; Type: FK CONSTRAINT; Schema: public; Owner: erick
--

ALTER TABLE ONLY public.django_flatpage_sites
    ADD CONSTRAINT django_flatpage_site_flatpage_id_078bbc8b_fk_django_fl FOREIGN KEY (flatpage_id) REFERENCES public.django_flatpage(id) DEFERRABLE INITIALLY DEFERRED;


--
-- Name: django_flatpage_sites django_flatpage_sites_site_id_bfd8ea84_fk_django_site_id; Type: FK CONSTRAINT; Schema: public; Owner: erick
--

ALTER TABLE ONLY public.django_flatpage_sites
    ADD CONSTRAINT django_flatpage_sites_site_id_bfd8ea84_fk_django_site_id FOREIGN KEY (site_id) REFERENCES public.django_site(id) DEFERRABLE INITIALLY DEFERRED;


--
-- Name: noticias_comunicacion noticias_comunicacio_categoria_id_7af96ea6_fk_noticias_; Type: FK CONSTRAINT; Schema: public; Owner: erick
--

ALTER TABLE ONLY public.noticias_comunicacion
    ADD CONSTRAINT noticias_comunicacio_categoria_id_7af96ea6_fk_noticias_ FOREIGN KEY (categoria_id) REFERENCES public.noticias_categoria(id) DEFERRABLE INITIALLY DEFERRED;


--
-- Name: noticias_comunicacion noticias_comunicacion_autor_id_2dd49981_fk_usuario_user_id; Type: FK CONSTRAINT; Schema: public; Owner: erick
--

ALTER TABLE ONLY public.noticias_comunicacion
    ADD CONSTRAINT noticias_comunicacion_autor_id_2dd49981_fk_usuario_user_id FOREIGN KEY (autor_id) REFERENCES public.usuario_user(id) DEFERRABLE INITIALLY DEFERRED;


--
-- Name: noticias_comunicacion noticias_comunicacion_pais_id_05ff3a31_fk_lugar_pais_id; Type: FK CONSTRAINT; Schema: public; Owner: erick
--

ALTER TABLE ONLY public.noticias_comunicacion
    ADD CONSTRAINT noticias_comunicacion_pais_id_05ff3a31_fk_lugar_pais_id FOREIGN KEY (pais_id) REFERENCES public.lugar_pais(id) DEFERRABLE INITIALLY DEFERRED;


--
-- Name: organizacion_organizacion organizacion_organizacion_pais_id_d9ff42f2_fk_lugar_pais_id; Type: FK CONSTRAINT; Schema: public; Owner: erick
--

ALTER TABLE ONLY public.organizacion_organizacion
    ADD CONSTRAINT organizacion_organizacion_pais_id_d9ff42f2_fk_lugar_pais_id FOREIGN KEY (pais_id) REFERENCES public.lugar_pais(id) DEFERRABLE INITIALLY DEFERRED;


--
-- Name: programacion_horaprogramacion programacion_horapro_categoria_p_id_93b4e8e4_fk_noticias_; Type: FK CONSTRAINT; Schema: public; Owner: erick
--

ALTER TABLE ONLY public.programacion_horaprogramacion
    ADD CONSTRAINT programacion_horapro_categoria_p_id_93b4e8e4_fk_noticias_ FOREIGN KEY (categoria_p_id) REFERENCES public.noticias_categoria(id) DEFERRABLE INITIALLY DEFERRED;


--
-- Name: programacion_horaprogramacion programacion_horapro_programacion_id_7b61c741_fk_programac; Type: FK CONSTRAINT; Schema: public; Owner: erick
--

ALTER TABLE ONLY public.programacion_horaprogramacion
    ADD CONSTRAINT programacion_horapro_programacion_id_7b61c741_fk_programac FOREIGN KEY (programacion_id) REFERENCES public.programacion_programacion(id) DEFERRABLE INITIALLY DEFERRED;


--
-- Name: taggit_taggeditem taggit_taggeditem_content_type_id_9957a03c_fk_django_co; Type: FK CONSTRAINT; Schema: public; Owner: erick
--

ALTER TABLE ONLY public.taggit_taggeditem
    ADD CONSTRAINT taggit_taggeditem_content_type_id_9957a03c_fk_django_co FOREIGN KEY (content_type_id) REFERENCES public.django_content_type(id) DEFERRABLE INITIALLY DEFERRED;


--
-- Name: taggit_taggeditem taggit_taggeditem_tag_id_f4f5b767_fk_taggit_tag_id; Type: FK CONSTRAINT; Schema: public; Owner: erick
--

ALTER TABLE ONLY public.taggit_taggeditem
    ADD CONSTRAINT taggit_taggeditem_tag_id_f4f5b767_fk_taggit_tag_id FOREIGN KEY (tag_id) REFERENCES public.taggit_tag(id) DEFERRABLE INITIALLY DEFERRED;


--
-- Name: usuario_user_groups usuario_user_groups_group_id_e313e18d_fk_auth_group_id; Type: FK CONSTRAINT; Schema: public; Owner: erick
--

ALTER TABLE ONLY public.usuario_user_groups
    ADD CONSTRAINT usuario_user_groups_group_id_e313e18d_fk_auth_group_id FOREIGN KEY (group_id) REFERENCES public.auth_group(id) DEFERRABLE INITIALLY DEFERRED;


--
-- Name: usuario_user_groups usuario_user_groups_user_id_1df7a96d_fk_usuario_user_id; Type: FK CONSTRAINT; Schema: public; Owner: erick
--

ALTER TABLE ONLY public.usuario_user_groups
    ADD CONSTRAINT usuario_user_groups_user_id_1df7a96d_fk_usuario_user_id FOREIGN KEY (user_id) REFERENCES public.usuario_user(id) DEFERRABLE INITIALLY DEFERRED;


--
-- Name: usuario_user usuario_user_org_id_c0d3723c_fk_organizacion_organizacion_id; Type: FK CONSTRAINT; Schema: public; Owner: erick
--

ALTER TABLE ONLY public.usuario_user
    ADD CONSTRAINT usuario_user_org_id_c0d3723c_fk_organizacion_organizacion_id FOREIGN KEY (org_id) REFERENCES public.organizacion_organizacion(id) DEFERRABLE INITIALLY DEFERRED;


--
-- Name: usuario_user_user_permissions usuario_user_user_pe_permission_id_fae57acd_fk_auth_perm; Type: FK CONSTRAINT; Schema: public; Owner: erick
--

ALTER TABLE ONLY public.usuario_user_user_permissions
    ADD CONSTRAINT usuario_user_user_pe_permission_id_fae57acd_fk_auth_perm FOREIGN KEY (permission_id) REFERENCES public.auth_permission(id) DEFERRABLE INITIALLY DEFERRED;


--
-- Name: usuario_user_user_permissions usuario_user_user_pe_user_id_bfc8eb29_fk_usuario_u; Type: FK CONSTRAINT; Schema: public; Owner: erick
--

ALTER TABLE ONLY public.usuario_user_user_permissions
    ADD CONSTRAINT usuario_user_user_pe_user_id_bfc8eb29_fk_usuario_u FOREIGN KEY (user_id) REFERENCES public.usuario_user(id) DEFERRABLE INITIALLY DEFERRED;


--
-- Name: videoteca_episodio videoteca_episodio_temporada_id_14623a3c_fk_videoteca; Type: FK CONSTRAINT; Schema: public; Owner: erick
--

ALTER TABLE ONLY public.videoteca_episodio
    ADD CONSTRAINT videoteca_episodio_temporada_id_14623a3c_fk_videoteca FOREIGN KEY (temporada_id) REFERENCES public.videoteca_temporada(id) DEFERRABLE INITIALLY DEFERRED;


--
-- Name: videoteca_temporada videoteca_temporada_info_video_id_a46d2386_fk_videoteca; Type: FK CONSTRAINT; Schema: public; Owner: erick
--

ALTER TABLE ONLY public.videoteca_temporada
    ADD CONSTRAINT videoteca_temporada_info_video_id_a46d2386_fk_videoteca FOREIGN KEY (info_video_id) REFERENCES public.videoteca_video(id) DEFERRABLE INITIALLY DEFERRED;


--
-- Name: videoteca_video_categoria videoteca_video_cate_categoria_id_b0b4c5bb_fk_noticias_; Type: FK CONSTRAINT; Schema: public; Owner: erick
--

ALTER TABLE ONLY public.videoteca_video_categoria
    ADD CONSTRAINT videoteca_video_cate_categoria_id_b0b4c5bb_fk_noticias_ FOREIGN KEY (categoria_id) REFERENCES public.noticias_categoria(id) DEFERRABLE INITIALLY DEFERRED;


--
-- Name: videoteca_video_categoria videoteca_video_cate_video_id_5244dad0_fk_videoteca; Type: FK CONSTRAINT; Schema: public; Owner: erick
--

ALTER TABLE ONLY public.videoteca_video_categoria
    ADD CONSTRAINT videoteca_video_cate_video_id_5244dad0_fk_videoteca FOREIGN KEY (video_id) REFERENCES public.videoteca_video(id) DEFERRABLE INITIALLY DEFERRED;


--
-- Name: videoteca_video videoteca_video_director_id_1b42d4b8_fk_videoteca_director_id; Type: FK CONSTRAINT; Schema: public; Owner: erick
--

ALTER TABLE ONLY public.videoteca_video
    ADD CONSTRAINT videoteca_video_director_id_1b42d4b8_fk_videoteca_director_id FOREIGN KEY (director_id) REFERENCES public.videoteca_director(id) DEFERRABLE INITIALLY DEFERRED;


--
-- Name: videoteca_video videoteca_video_pais_id_4b5b511f_fk_lugar_pais_id; Type: FK CONSTRAINT; Schema: public; Owner: erick
--

ALTER TABLE ONLY public.videoteca_video
    ADD CONSTRAINT videoteca_video_pais_id_4b5b511f_fk_lugar_pais_id FOREIGN KEY (pais_id) REFERENCES public.lugar_pais(id) DEFERRABLE INITIALLY DEFERRED;


--
-- Name: videoteca_video videoteca_video_tipo_id_288de99a_fk_videoteca_tipo_id; Type: FK CONSTRAINT; Schema: public; Owner: erick
--

ALTER TABLE ONLY public.videoteca_video
    ADD CONSTRAINT videoteca_video_tipo_id_288de99a_fk_videoteca_tipo_id FOREIGN KEY (tipo_id) REFERENCES public.videoteca_tipo(id) DEFERRABLE INITIALLY DEFERRED;


--
-- PostgreSQL database dump complete
--

